﻿CID,Type,Impact,Status,First Detected,Owner,Classification,Severity,Action,Component,Category,File,Function,Checker,Standard: 2021 CWE Top 25,CWE,Last Snapshot Stream,Count
33509292,Unused value,Low,New,08/13/23,Unassigned,Unclassified,Unspecified,Undecided,Other,Code maintainability issues,/rfem7/code/units/rfeSwFuSaMngr/src/rfeSwFuSaMngr_cmu.c,rfeSwFuSaMngr_cmu_enable,UNUSED_VALUE,None,563,strx_rfefw_dev,1
33506255,Unused value,Low,New,08/13/23,Unassigned,Unclassified,Unspecified,Undecided,Other,Code maintainability issues,/rfem7/code/units/rfeSwFuSaMngr/src/rfeSwFuSaMngr_cmu.c,rfeSwFuSaMngr_cmu_enable,UNUSED_VALUE,None,563,strx_rfefw_dev,1
32636418,Unused value,Low,New,07/25/23,Unassigned,Unclassified,Unspecified,Undecided,Other,Code maintainability issues,/rfem7/code/units/rfeSwFit2/src/rfeSwFit2.c,rfeSwFit2_performFit2,UNUSED_VALUE,None,563,strx_rfefw_dev,1
32447110,Unused value,Low,New,07/16/23,Unassigned,Unclassified,Unspecified,Undecided,Other,Code maintainability issues,/rfem7/code/units/rfeSwFuSaMngr/src/rfeSwFuSaMngr_faultParser.c,rfeSwFuSaMngr_parser_parseFault,UNUSED_VALUE,None,563,strx_rfefw_dev,1
26613758,Unused value,Low,New,02/21/23,Unassigned,Unclassified,Unspecified,Undecided,Other,Code maintainability issues,/rfem7/code/units/rfeSwFit2/src/rfeSwFit2_sm92Swt.c,rfeSwFit2_swtPositiveTest,UNUSED_VALUE,None,563,strx_rfefw_dev,1
26613734,Unused value,Low,New,02/21/23,Unassigned,Unclassified,Unspecified,Undecided,Other,Code maintainability issues,/rfem7/code/units/rfeSwFit2/src/rfeSwFit2_sm92Swt.c,rfeSwFit2_swtPositiveTest,UNUSED_VALUE,None,563,strx_rfefw_dev,1
26613732,Unused value,Low,New,02/21/23,Unassigned,Unclassified,Unspecified,Undecided,Other,Code maintainability issues,/rfem7/code/units/rfeSwFit2/src/rfeSwFit2_sm92Swt.c,rfeSwFit2_sm92Swt,UNUSED_VALUE,None,563,strx_rfefw_dev,1
26204890,Unused value,Low,New,02/02/23,Unassigned,Unclassified,Unspecified,Undecided,Other,Code maintainability issues,/rfem7/code/units/rfeSwFit2/src/rfeSwFit2_sm63FttiWdt.c,rfeSwFit2_performFtti_Wdt,UNUSED_VALUE,None,563,strx_rfefw_dev,2
26204864,Unused value,Low,New,02/02/23,Unassigned,Unclassified,Unspecified,Undecided,Other,Code maintainability issues,/rfem7/code/units/rfeSwFit2/src/rfeSwFit2_sm63FttiWdt.c,rfeSwFit2_fttiWdtPositiveTest,UNUSED_VALUE,None,563,strx_rfefw_dev,2
25797396,Unused value,Low,New,01/03/23,Unassigned,Unclassified,Unspecified,Undecided,Other,Code maintainability issues,/rfem7/code/units/rfeFit/src/rfeFit1.c,rfeFit_performFit1,UNUSED_VALUE,None,563,strx_rfefw_dev,1
25797393,Unused value,Low,New,01/03/23,Unassigned,Unclassified,Unspecified,Undecided,Other,Code maintainability issues,/rfem7/code/units/rfeFit/src/rfeFit1.c,rfeFit_performFit1,UNUSED_VALUE,None,563,strx_rfefw_dev,1
17455049,Unused value,Low,New,08/10/21,Unassigned,Unclassified,Unspecified,Undecided,Other,Code maintainability issues,/rfem7/code/units/rfeHwAtb/src/rfeHwAtb_func.c,rfeHwAtb_funcAtbAdcTriggerMonoSampling,UNUSED_VALUE,None,563,strx_rfefw_dev,2
31925603,Uninitialized scalar variable,High,New,06/15/23,Unassigned,Unclassified,Unspecified,Undecided,Other,Uninitialized variables,/rfem7/code/units/rfeSwCalibration/src/rfeSwCalibration.c,rfeSwCalibration_recalibrate,UNINIT,None,457,strx_rfefw_dev,1
30716499,Uninitialized scalar variable,High,New,06/06/23,Unassigned,Unclassified,Unspecified,Undecided,Other,Uninitialized variables,/rfem7/code/units/rfeSwCalibration/src/rfeSwCalibration_txChain.c,rfeSwCalibration_binarySearchTxLox2GainAboveTargetVout,UNINIT,None,457,strx_rfefw_dev,1
32345659,Out-of-bounds access,High,New,07/15/23,Unassigned,Unclassified,Unspecified,Undecided,Other,Memory - corruptions,/rfem7/code/units/rfeSwCalibration/src/rfeSwCalibration_txChain.c,rfeSwCalibration_binarySearchTxBuf2aGainAboveTargetVout,OVERRUN,Rank-1,119,strx_rfefw_dev,2
24977095,Unsigned compared against 0,Medium,New,11/26/22,Unassigned,Unclassified,Unspecified,Undecided,Other,Control flow issues,/rfem7/code/units/rfeSwFuSaMngr/src/rfeSwFuSaMngr.c,rfeSwFuSaMngr_configMask,NO_EFFECT,None,570,strx_rfefw_dev,1
24977093,Unsigned compared against 0,Medium,New,11/26/22,Unassigned,Unclassified,Unspecified,Undecided,Other,Control flow issues,/rfem7/code/units/rfeSwFuSaMngr/src/rfeSwFuSaMngr.c,rfeSwFuSaMngr_readFaultStatus,NO_EFFECT,None,570,strx_rfefw_dev,1
23356504,Enum compared against 0,Medium,New,09/14/22,Unassigned,Unclassified,Unspecified,Undecided,Other,Integer handling issues,/rfem7/code/units/rfeHwFccu/src/rfeHwFccu.c,rfeHwFccu_triggerSwErrorId,NO_EFFECT,None,570,strx_rfefw_dev,1
21557472,Macro compares unsigned to 0,Medium,New,04/05/22,Unassigned,Unclassified,Unspecified,Undecided,Other,Integer handling issues,/rfem7/code/units/rfeSwUtils/src/rfeSwUtils.c,rfeSwUtils_safeMemCpy,NO_EFFECT,None,570,strx_rfefw_dev,1
18988750,Macro compares unsigned to 0,Medium,New,12/06/21,Unassigned,Unclassified,Unspecified,Undecided,Other,Integer handling issues,/rfem7/code/units/rfeSwClocking/src/rfeSwClocking.c,rfeSwClocking_control,NO_EFFECT,None,570,strx_rfefw_dev,1
18988387,Macro compares unsigned to 0,Medium,New,12/06/21,Unassigned,Unclassified,Unspecified,Undecided,Other,Integer handling issues,/rfem7/code/units/rfeSwClocking/src/rfeSwClocking.c,rfeSwClocking_enable,NO_EFFECT,None,570,strx_rfefw_dev,1
22143173,Overflowed constant,Medium,New,06/20/22,Unassigned,Unclassified,Unspecified,Undecided,Other,Integer handling issues,/rfem7/code/units/rfeSwCalibration/src/rfeSwCalibration.c,rfeSwCalibration_chirppllCalibrateAllProfiles,INTEGER_OVERFLOW,Rank-4,190,strx_rfefw_dev,1
18589189,Overflowed constant,Medium,New,11/25/21,Unassigned,Unclassified,Unspecified,Undecided,Other,Integer handling issues,/rfem7/code/units/rfeDbgPrintf/src/rfeDbgPrintf.c,dbgPrintf_uint32AsFloat,INTEGER_OVERFLOW,Rank-4,190,strx_rfefw_dev,1
20808808,Infinite loop with no exit,Medium,New,02/15/22,Unassigned,Unclassified,Unspecified,Undecided,Other,Program hangs,/rfem7/code/units/rfeSwStartup/src/rfeSwStartup.c,Reset_Handler,INFINITE_LOOP,None,835,strx_rfefw_dev,1
18147061,Infinite loop with no exit,Medium,New,10/29/21,Unassigned,Unclassified,Unspecified,Undecided,Other,Program hangs,/rfem7/code/units/rfeSwStartup/src/rfeSwStartup.c,Default_Handler,INFINITE_LOOP,None,835,strx_rfefw_dev,1
61204,Infinite loop with no exit,Medium,New,10/20/16,Unassigned,Unclassified,Unspecified,Undecided,Other,Program hangs,/rfem7/code/units/rfeSwStartup/src/rfeSwStartup.c,MemManage_Handler,INFINITE_LOOP,None,835,strx_rfefw_dev,1
61203,Infinite loop with no exit,Medium,New,10/20/16,Unassigned,Unclassified,Unspecified,Undecided,Other,Program hangs,/rfem7/code/units/rfeSwStartup/src/rfeSwStartup.c,BusFault_Handler,INFINITE_LOOP,None,835,strx_rfefw_dev,1
61201,Infinite loop with no exit,Medium,New,10/20/16,Unassigned,Unclassified,Unspecified,Undecided,Other,Program hangs,/rfem7/code/units/rfeSwStartup/src/rfeSwStartup.c,DebugMon_Handler,INFINITE_LOOP,None,835,strx_rfefw_dev,1
61200,Infinite loop with no exit,Medium,New,10/20/16,Unassigned,Unclassified,Unspecified,Undecided,Other,Program hangs,/rfem7/code/units/rfeSwStartup/src/rfeSwStartup.c,UsageFault_Handler,INFINITE_LOOP,None,835,strx_rfefw_dev,1
61194,Infinite loop with no exit,Medium,New,10/20/16,Unassigned,Unclassified,Unspecified,Undecided,Other,Program hangs,/rfem7/code/units/rfeSwStartup/src/rfeSwStartup.c,HardFault_Handler,INFINITE_LOOP,None,835,strx_rfefw_dev,1
61193,Infinite loop with no exit,Medium,New,10/20/16,Unassigned,Unclassified,Unspecified,Undecided,Other,Program hangs,/rfem7/code/units/rfeSwStartup/src/rfeSwStartup.c,SysTick_Handler,INFINITE_LOOP,None,835,strx_rfefw_dev,1
61191,Infinite loop with no exit,Medium,New,10/20/16,Unassigned,Unclassified,Unspecified,Undecided,Other,Program hangs,/rfem7/code/units/rfeSwStartup/src/rfeSwStartup.c,PendSV_Handler,INFINITE_LOOP,None,835,strx_rfefw_dev,1
61189,Infinite loop with no exit,Medium,New,10/20/16,Unassigned,Unclassified,Unspecified,Undecided,Other,Program hangs,/rfem7/code/units/rfeSwStartup/src/rfeSwStartup.c,NMI_Handler,INFINITE_LOOP,None,835,strx_rfefw_dev,1
61188,Infinite loop with no exit,Medium,New,10/20/16,Unassigned,Unclassified,Unspecified,Undecided,Other,Program hangs,/rfem7/code/units/rfeSwStartup/src/rfeSwStartup.c,SVC_Handler,INFINITE_LOOP,None,835,strx_rfefw_dev,1
33731764,Unnecessary header file,Low,New,08/24/23,Unassigned,Unclassified,Unspecified,Undecided,Other,Build system issues,/rfem7/code/units/rfeSwFit2/src/rfeSwFit2_sm92Swt.c,,HFA,None,710,strx_rfefw_dev,1
33730818,Unnecessary header file,Low,New,08/24/23,Unassigned,Unclassified,Unspecified,Undecided,Other,Build system issues,/rfem7/code/units/rfeSwFit2/src/rfeSwFit2_sm69RegCrc.c,,HFA,None,710,strx_rfefw_dev,1
33730780,Unnecessary header file,Low,New,08/24/23,Unassigned,Unclassified,Unspecified,Undecided,Other,Build system issues,/rfem7/code/units/rfeSwFit2/src/rfeSwFit2_sm69RegCrc.c,,HFA,None,710,strx_rfefw_dev,1
33506070,Unnecessary header file,Low,New,08/13/23,Unassigned,Unclassified,Unspecified,Undecided,Other,Build system issues,/rfem7/code/units/rfeSwFuSaMngr/src/rfeSwFuSaMngr_cmu.c,,HFA,None,710,strx_rfefw_dev,1
33341243,Unnecessary header file,Low,New,08/05/23,Unassigned,Unclassified,Unspecified,Undecided,Other,Build system issues,/rfem7/code/units/rfeSwFuSaMngr/src/rfeSwFuSaMngr_memoryRefresh.c,,HFA,None,710,strx_rfefw_dev,1
33265825,Unnecessary header file,Low,New,07/27/23,Unassigned,Unclassified,Unspecified,Undecided,Other,Build system issues,/rfem7/code/units/rfeSwFuSaMngr/src/rfeSwFuSaMngr_faultParser.c,,HFA,None,710,strx_rfefw_dev,1
33265795,Unnecessary header file,Low,New,07/27/23,Unassigned,Unclassified,Unspecified,Undecided,Other,Build system issues,/rfem7/code/units/rfeSwFit2/src/rfeSwFit2_sm92Swt.c,,HFA,None,710,strx_rfefw_dev,1
33265790,Unnecessary header file,Low,New,07/27/23,Unassigned,Unclassified,Unspecified,Undecided,Other,Build system issues,/rfem7/code/units/rfeSwFit2/src/rfeSwFit2_sm92Swt.c,,HFA,None,710,strx_rfefw_dev,1
32345665,Unnecessary header file,Low,New,07/15/23,Unassigned,Unclassified,Unspecified,Undecided,Other,Build system issues,/rfem7/code/units/rfeSwInit/src/rfeSwInit.c,,HFA,None,710,strx_rfefw_dev,1
32289974,Unnecessary header file,Low,New,07/06/23,Unassigned,Unclassified,Unspecified,Undecided,Other,Build system issues,/rfem7/code/units/rfeSwFit2/src/rfeSwFit2_atbadc.c,,HFA,None,710,strx_rfefw_dev,1
32289967,Unnecessary header file,Low,New,07/06/23,Unassigned,Unclassified,Unspecified,Undecided,Other,Build system issues,/rfem7/code/units/rfeSwFit2/src/rfeSwFit2_atbadc.c,,HFA,None,710,strx_rfefw_dev,1
32118798,Unnecessary header file,Low,New,06/23/23,Unassigned,Unclassified,Unspecified,Undecided,Other,Build system issues,/rfem7/code/units/rfeFit/src/rfeFit.c,,HFA,None,710,strx_rfefw_dev,1
31930113,Unnecessary header file,Low,New,06/16/23,Unassigned,Unclassified,Unspecified,Undecided,Other,Build system issues,/rfem7/code/units/rfeSwFit2/src/rfeSwFit2_sm69RegCrc.c,,HFA,None,710,strx_rfefw_dev,1
31930112,Unnecessary header file,Low,New,06/16/23,Unassigned,Unclassified,Unspecified,Undecided,Other,Build system issues,/rfem7/code/units/rfeSwFit2/src/rfeSwFit2_sm69RegCrc.c,,HFA,None,710,strx_rfefw_dev,1
31930111,Unnecessary header file,Low,New,06/16/23,Unassigned,Unclassified,Unspecified,Undecided,Other,Build system issues,/rfem7/code/units/rfeSwFit2/src/rfeSwFit2_sm69RegCrc.c,,HFA,None,710,strx_rfefw_dev,1
31925644,Unnecessary header file,Low,New,06/15/23,Unassigned,Unclassified,Unspecified,Undecided,Other,Build system issues,/rfem7/code/units/rfeHwFccu/src/rfeHwFccu.c,,HFA,None,710,strx_rfefw_dev,1
31925642,Unnecessary header file,Low,New,06/15/23,Unassigned,Unclassified,Unspecified,Undecided,Other,Build system issues,/rfem7/code/units/rfeSwFit2/src/rfeSwFit2_sm86FpuException.c,,HFA,None,710,strx_rfefw_dev,1
31925622,Unnecessary header file,Low,New,06/15/23,Unassigned,Unclassified,Unspecified,Undecided,Other,Build system issues,/rfem7/code/units/rfeSwFuSaMngr/src/rfeSwFuSaMngr_faultParser.c,,HFA,None,710,strx_rfefw_dev,1
31925588,Unnecessary header file,Low,New,06/15/23,Unassigned,Unclassified,Unspecified,Undecided,Other,Build system issues,/rfem7/code/units/rfeFit/src/rfeFit1.c,,HFA,None,710,strx_rfefw_dev,1
31925584,Unnecessary header file,Low,New,06/15/23,Unassigned,Unclassified,Unspecified,Undecided,Other,Build system issues,/rfem7/code/units/rfeHwFccu/src/rfeHwFccu.c,,HFA,None,710,strx_rfefw_dev,1
28683502,Unnecessary header file,Low,New,04/27/23,Unassigned,Unclassified,Unspecified,Undecided,Other,Build system issues,/rfem7/code/units/rfeSwFit2/src/rfeSwFit2_sm69RegCrc.c,,HFA,None,710,strx_rfefw_dev,1
28622914,Unnecessary header file,Low,New,04/21/23,Unassigned,Unclassified,Unspecified,Undecided,Other,Build system issues,/rfem7/code/units/rfeSwFit2/src/rfeSwFit2_sm62TeLockstep.c,,HFA,None,710,strx_rfefw_dev,1
28584172,Unnecessary header file,Low,New,04/15/23,Unassigned,Unclassified,Unspecified,Undecided,Other,Build system issues,/rfem7/code/units/rfeSwFit2/src/rfeSwFit2_sm62TeLockstep.c,,HFA,None,710,strx_rfefw_dev,1
28583989,Unnecessary header file,Low,New,04/15/23,Unassigned,Unclassified,Unspecified,Undecided,Other,Build system issues,/rfem7/code/units/rfeSwFit2/src/rfeSwFit2_sm62TeLockstep.c,,HFA,None,710,strx_rfefw_dev,1
28583944,Unnecessary header file,Low,New,04/15/23,Unassigned,Unclassified,Unspecified,Undecided,Other,Build system issues,/rfem7/code/units/rfeSwFit2/src/rfeSwFit2_sm62TeLockstep.c,,HFA,None,710,strx_rfefw_dev,1
28582922,Unnecessary header file,Low,New,04/15/23,Unassigned,Unclassified,Unspecified,Undecided,Other,Build system issues,/rfem7/code/units/rfeSwFit2/src/rfeSwFit2_sm62TeLockstep.c,,HFA,None,710,strx_rfefw_dev,1
28582814,Unnecessary header file,Low,New,04/15/23,Unassigned,Unclassified,Unspecified,Undecided,Other,Build system issues,/rfem7/code/units/rfeSwFit2/src/rfeSwFit2_sm62TeLockstep.c,,HFA,None,710,strx_rfefw_dev,1
28582812,Unnecessary header file,Low,New,04/15/23,Unassigned,Unclassified,Unspecified,Undecided,Other,Build system issues,/rfem7/code/units/rfeSwFit2/src/rfeSwFit2_sm62TeLockstep.c,,HFA,None,710,strx_rfefw_dev,1
26841504,Unnecessary header file,Low,New,03/14/23,Unassigned,Unclassified,Unspecified,Undecided,Other,Build system issues,/rfem7/code/units/rfeSwFit2/src/rfeSwFit2_sm92Swt.c,,HFA,None,710,strx_rfefw_dev,1
26628454,Unnecessary header file,Low,New,02/24/23,Unassigned,Unclassified,Unspecified,Undecided,Other,Build system issues,/rfem7/code/units/rfeSwFit2/src/rfeSwFit2_sm63FttiWdt.c,,HFA,None,710,strx_rfefw_dev,1
26628451,Unnecessary header file,Low,New,02/24/23,Unassigned,Unclassified,Unspecified,Undecided,Other,Build system issues,/rfem7/code/units/rfeSwFit2/src/rfeSwFit2_sm63FttiWdt.c,,HFA,None,710,strx_rfefw_dev,1
26628428,Unnecessary header file,Low,New,02/24/23,Unassigned,Unclassified,Unspecified,Undecided,Other,Build system issues,/rfem7/code/units/rfeSwFit2/src/rfeSwFit2_sm63FttiWdt.c,,HFA,None,710,strx_rfefw_dev,1
26613729,Unnecessary header file,Low,New,02/21/23,Unassigned,Unclassified,Unspecified,Undecided,Other,Build system issues,/rfem7/code/units/rfeSwFit2/src/rfeSwFit2_sm92Swt.c,,HFA,None,710,strx_rfefw_dev,1
26576215,Unnecessary header file,Low,New,02/16/23,Unassigned,Unclassified,Unspecified,Undecided,Other,Build system issues,/rfem7/code/units/rfeHwSwt/src/rfeHwSwt.c,,HFA,None,710,strx_rfefw_dev,1
26523009,Unnecessary header file,Low,New,02/10/23,Unassigned,Unclassified,Unspecified,Undecided,Other,Build system issues,/rfem7/code/units/rfeSwFit2/src/rfeSwFit2_sm94HwCrc.c,,HFA,None,710,strx_rfefw_dev,1
26523006,Unnecessary header file,Low,New,02/10/23,Unassigned,Unclassified,Unspecified,Undecided,Other,Build system issues,/rfem7/code/units/rfeSwFuSaMngr/src/rfeSwFuSaMngr.c,,HFA,None,710,strx_rfefw_dev,1
26523003,Unnecessary header file,Low,New,02/10/23,Unassigned,Unclassified,Unspecified,Undecided,Other,Build system issues,/rfem7/code/units/rfeSwFit2/src/rfeSwFit2_sm69RegCrc.c,,HFA,None,710,strx_rfefw_dev,1
26205095,Unnecessary header file,Low,New,02/02/23,Unassigned,Unclassified,Unspecified,Undecided,Other,Build system issues,/rfem7/code/units/rfeSwFit2/src/rfeSwFit2_sm69RegCrc.c,,HFA,None,710,strx_rfefw_dev,1
26205087,Unnecessary header file,Low,New,02/02/23,Unassigned,Unclassified,Unspecified,Undecided,Other,Build system issues,/rfem7/code/units/rfeSwFit2/src/rfeSwFit2_sm69RegCrc.c,,HFA,None,710,strx_rfefw_dev,1
26205084,Unnecessary header file,Low,New,02/02/23,Unassigned,Unclassified,Unspecified,Undecided,Other,Build system issues,/rfem7/code/units/rfeSwFit2/src/rfeSwFit2_sm69RegCrc.c,,HFA,None,710,strx_rfefw_dev,1
26205075,Unnecessary header file,Low,New,02/02/23,Unassigned,Unclassified,Unspecified,Undecided,Other,Build system issues,/rfem7/code/units/rfeSwFit2/src/rfeSwFit2_sm94HwCrc.c,,HFA,None,710,strx_rfefw_dev,1
26205059,Unnecessary header file,Low,New,02/02/23,Unassigned,Unclassified,Unspecified,Undecided,Other,Build system issues,/rfem7/code/units/rfeSwFit2/src/rfeSwFit2_sm69RegCrc.c,,HFA,None,710,strx_rfefw_dev,1
25797474,Unnecessary header file,Low,New,01/03/23,Unassigned,Unclassified,Unspecified,Undecided,Other,Build system issues,/rfem7/code/units/rfeFit/src/rfeFit.c,,HFA,None,710,strx_rfefw_dev,1
25797442,Unnecessary header file,Low,New,01/03/23,Unassigned,Unclassified,Unspecified,Undecided,Other,Build system issues,/rfem7/code/units/rfeFit/src/rfeFit.c,,HFA,None,710,strx_rfefw_dev,1
25797377,Unnecessary header file,Low,New,01/03/23,Unassigned,Unclassified,Unspecified,Undecided,Other,Build system issues,/rfem7/code/units/rfeFit/src/rfeFit.c,,HFA,None,710,strx_rfefw_dev,1
25780112,Unnecessary header file,Low,New,12/24/22,Unassigned,Unclassified,Unspecified,Undecided,Other,Build system issues,/rfem7/code/units/rfeFit/src/rfeFit1.c,,HFA,None,710,strx_rfefw_dev,1
25538660,Unnecessary header file,Low,New,12/14/22,Unassigned,Unclassified,Unspecified,Undecided,Other,Build system issues,/rfem7/code/units/rfeHwWdma/src/rfeHwWdma.c,,HFA,None,710,strx_rfefw_dev,1
25510125,Unnecessary header file,Low,New,12/13/22,Unassigned,Unclassified,Unspecified,Undecided,Other,Build system issues,/rfem7/code/units/rfeSwFuSaMngr/src/rfeSwFuSaMngr_regCrcTriggerInterface.c,,HFA,None,710,strx_rfefw_dev,1
23345006,Unnecessary header file,Low,New,09/07/22,Unassigned,Unclassified,Unspecified,Undecided,Other,Build system issues,/rfem7/code/units/rfeHwWdma/src/rfeHwWdma.c,,HFA,None,710,strx_rfefw_dev,1
20253110,Unnecessary header file,Low,New,01/20/22,Unassigned,Unclassified,Unspecified,Undecided,Other,Build system issues,/rfem7/code/units/rfeHwCsi2/src/rfeHwCsi2.c,,HFA,None,710,strx_rfefw_dev,1
18990584,Unnecessary header file,Low,New,12/06/21,Unassigned,Unclassified,Unspecified,Undecided,Other,Build system issues,/rfem7/code/units/rfeHwRxAdc/src/rfeHwRxAdc.c,,HFA,None,710,strx_rfefw_dev,1
17610274,Unnecessary header file,Low,New,08/30/21,Unassigned,Unclassified,Unspecified,Undecided,Other,Build system issues,/rfem7/code/units/rfeSysTick/src/rfeSysTick.c,,HFA,None,710,strx_rfefw_dev,1
12295467,Unnecessary header file,Low,New,04/07/21,Unassigned,Unclassified,Unspecified,Undecided,Other,Build system issues,/rfem7/code/units/rfeHwReg/src/rfeHwReg.c,,HFA,None,710,strx_rfefw_dev,1
33507314,Logically dead code,Medium,New,08/13/23,Unassigned,Unclassified,Unspecified,Undecided,Other,Control flow issues,/rfem7/code/units/rfeSwFuSaMngr/src/rfeSwFuSaMngr_cmu.c,rfeSwFuSaMngr_cmu_enable,DEADCODE,None,561,strx_rfefw_dev,1
32636422,Logically dead code,Medium,New,07/25/23,Unassigned,Unclassified,Unspecified,Undecided,Other,Control flow issues,/rfem7/code/units/rfeSwFit2/src/rfeSwFit2_sm69RegCrc.c,rfeSwFit2_sm69RegCrc_negativeTest,DEADCODE,None,561,strx_rfefw_dev,1
17904155,Logically dead code,Medium,New,10/03/21,Unassigned,Unclassified,Unspecified,Undecided,Other,Control flow issues,/rfem7/code/units/rfeHwLpUart/src/rfeHwLpUart.c,rfeHwLpUartInt_enable,DEADCODE,None,561,strx_rfefw_dev,1
33730604,Unchecked return value,Medium,New,08/24/23,Unassigned,Unclassified,Unspecified,Undecided,Other,Error handling issues,/rfem7/code/units/rfeHwAcc/src/rfeHwAcc.c,rfeHwAcc_init,CHECKED_RETURN,None,252,strx_rfefw_dev,1
