﻿CID,Type,Impact,Status,First Detected,Owner,Classification,Severity,Action,Component,Category,File,Function,Checker,Standard: 2021 CWE Top 25,CWE,Last Snapshot Stream,Count
4364621,Use after free,High,New,09/25/18,Unassigned,Unclassified,Unspecified,Undecided,Other,Memory - illegal accesses,/rfeDriver/tests/unity/src/unity_fixture.c,unity_realloc,USE_AFTER_FREE,Rank-4,416,rfedriver-develop,4
32324949,Useless call,Medium,New,07/12/23,Unassigned,Unclassified,Unspecified,Undecided,Other,Incorrect expression,/rfeDriver/tests/testBasicAppTiming/src/rfe_basic_app_timing_tc_001_test.c,rfe_basic_app_timing_tc_001_test,USELESS_CALL,None,,rfedriver-develop,1
33313819,Unused value,Low,New,08/02/23,Unassigned,Unclassified,Unspecified,Undecided,Other,Code maintainability issues,/rfeDriver/apps/rfeAppQualTest/common/src/rfeTestUtils.c,rfeTest_syncWithRfe,UNUSED_VALUE,None,563,rfedriver-develop,1
30005995,Unused value,Low,New,05/30/23,Unassigned,Unclassified,Unspecified,Undecided,Other,Code maintainability issues,/rfeDriver/tests/FuSaTests/testErrorN/src/rfe_errorn_tc_001_test.c,rfe_errorn_tc_001_test,UNUSED_VALUE,None,563,rfedriver-develop,1
30004442,Unused value,Low,New,05/30/23,Unassigned,Unclassified,Unspecified,Undecided,Other,Code maintainability issues,/rfeDriver/tests/FuSaTests/testFuSaMngr/src/rfe_fuSaMngr_tc_001_getFuSaFaults.c,testFuSaMngr_getFuSaFaults,UNUSED_VALUE,None,563,rfedriver-develop,1
30003976,Unused value,Low,New,05/30/23,Unassigned,Unclassified,Unspecified,Undecided,Other,Code maintainability issues,/rfeDriver/tests/rfe_tc_069/src/rfe_tc_069_RadarCycleTiming_001_test.c,rfe_tc_069_RadarCycleTiming_001_test,UNUSED_VALUE,None,563,rfedriver-develop,1
30003464,Unused value,Low,New,05/30/23,Unassigned,Unclassified,Unspecified,Undecided,Other,Code maintainability issues,/rfeDriver/apps/rfeAppBasicExample32/common/src/rfeAppBasicExample.c,rfeTest_rfe_monitorread,UNUSED_VALUE,None,563,rfedriver-develop,1
29998960,Unused value,Low,New,05/30/23,Unassigned,Unclassified,Unspecified,Undecided,Other,Code maintainability issues,/rfeDriver/tests/rfe_tc_069/src/rfe_tc_069_RadarCycleTiming_001_test.c,rfe_tc_069_RadarCycleTiming_001_test,UNUSED_VALUE,None,563,rfedriver-develop,1
33692762,Uninitialized scalar variable,High,New,08/19/23,Unassigned,Unclassified,Unspecified,Undecided,Other,Uninitialized variables,/rfeDriver/apps/rfeAppQualTest/common/src/rfe_tc_010_readCurrentTempBeforeAfterChirpSequence.c,rfe_tc_010_readCurrentTempBeforeAfterChirpSequence,UNINIT,None,457,rfedriver-develop,4
30004400,Uninitialized scalar variable,High,New,05/30/23,Unassigned,Unclassified,Unspecified,Undecided,Other,Uninitialized variables,/rfeDriver/apps/rfeAppLeadCustomer/common/src/rfeAppLeadCustomer.c,rfeTest_rfe_monitorread,UNINIT,None,457,rfedriver-develop,2
29998810,Uninitialized scalar variable,High,New,05/30/23,Unassigned,Unclassified,Unspecified,Undecided,Other,Uninitialized variables,/rfeDriver/apps/rfeAppAutosarBasicExample32/common/src/rfeAppAutosarBasicExample32.c,rfeAppAutosarBasicExample32_main,UNINIT,None,457,rfedriver-develop,1
29998598,Uninitialized scalar variable,High,New,05/30/23,Unassigned,Unclassified,Unspecified,Undecided,Other,Uninitialized variables,/rfeDriver/apps/rfeAppLeadCustomer/common/src/rfeAppLeadCustomer.c,rfeTst_readTxPower,UNINIT,None,457,rfedriver-develop,1
22086192,Uninitialized scalar variable,High,New,06/04/22,Unassigned,Unclassified,Unspecified,Undecided,Other,Uninitialized variables,/rfeDriver/units/rfeCmdClient/inc/rfeCmdClient.h,rfeCmdClient_cmdRespGetBool,UNINIT,None,457,rfedriver-develop,1
30004255,Dereference before null check,Medium,New,05/30/23,Unassigned,Unclassified,Unspecified,Undecided,Other,Null pointer dereferences,/rfeDriver/tests/testSwBist/src/rfeSwBist_tc_001_getBistZeroHourReferenceData.c,rfeAppUnitTestWaitWhileRfeIsBusy,REVERSE_INULL,Rank-15,476,rfedriver-develop,2
33281174,Parse warning,Low,New,07/28/23,Unassigned,Unclassified,Unspecified,Undecided,Other,Parse warnings,/rfeDriver/tests/FuSaTests/testHeartBeatSignal/src/rfe_tc_001_sendHeartBeatSignal.c,,PW.DECLARED_BUT_NOT_REFERENCED,None,398,rfedriver-develop,1
30003485,Parse warning,Low,New,05/30/23,Unassigned,Unclassified,Unspecified,Undecided,Other,Parse warnings,/rfeDriver/tests/rfe_tc_069/src/rfe_tc_069_RadarCycleTiming_001_test.c,,PW.DECLARED_BUT_NOT_REFERENCED,None,398,rfedriver-develop,1
6421659,Out-of-bounds access,High,Triaged,07/03/19,nxf87247,Pending,Major,Fix Required,Other,Memory - corruptions,/rfeDriver/soc/SAF85xx/arch/cortex-m7/startup/inc/mpu_armv7.h,ARM_MPU_Load,OVERRUN,Rank-1,119,rfedriver-develop,2
30007457,Infinite loop with no exit,Medium,New,05/30/23,Unassigned,Unclassified,Unspecified,Undecided,Other,Program hangs,/rfeDriver/apps/rfeAppLeadCustomer/common/src/rfeAppLeadCustomer.c,rfeExpect,INFINITE_LOOP,None,835,rfedriver-develop,1
30003707,Infinite loop with no exit,Medium,New,05/30/23,Unassigned,Unclassified,Unspecified,Undecided,Other,Program hangs,/rfeDriver/apps/rfeAppInterruptExample/common/src/rfeAppInterruptExample.c,main,INFINITE_LOOP,None,835,rfedriver-develop,1
30000460,Infinite loop with no exit,Medium,New,05/30/23,Unassigned,Unclassified,Unspecified,Undecided,Other,Program hangs,/rfeDriver/soc/SAF85xx/arch/cortex-a53/startup/src/cmsis_start.c,__cmsis_start,INFINITE_LOOP,None,835,rfedriver-develop,1
29998534,Infinite loop with no exit,Medium,New,05/30/23,Unassigned,Unclassified,Unspecified,Undecided,Other,Program hangs,/rfeDriver/apps/rfeAppLeadCustomer/common/src/rfeAppLeadCustomer.c,rfeAppLeadCustomer_main,INFINITE_LOOP,None,835,rfedriver-develop,1
22543934,Infinite loop with no exit,Medium,New,07/22/22,Unassigned,Unclassified,Unspecified,Undecided,Other,Program hangs,/rfeDriver/soc/SAF85xx/arch/cortex-a53/startup/src/startup_ARMCA53.c,EL1_Default_Handler,INFINITE_LOOP,None,835,rfedriver-develop,1
22543932,Infinite loop with no exit,Medium,New,07/22/22,Unassigned,Unclassified,Unspecified,Undecided,Other,Program hangs,/rfeDriver/soc/SAF85xx/arch/cortex-a53/startup/src/startup_ARMCA53.c,EL3_Default_Handler,INFINITE_LOOP,None,835,rfedriver-develop,1
22540809,Infinite loop with no exit,Medium,New,07/22/22,Unassigned,Unclassified,Unspecified,Undecided,Other,Program hangs,/rfeDriver/soc/SAF85xx/arch/cortex-a53/startup/src/startup_ARMCA53.c,EL2_Default_Handler,INFINITE_LOOP,None,835,rfedriver-develop,1
18147061,Infinite loop with no exit,Medium,New,10/29/21,Unassigned,Unclassified,Unspecified,Undecided,Other,Program hangs,/rfeDriver/soc/SAF85xx/arch/cortex-m7/startup/src/startup_ARMCM7.c,Default_Handler,INFINITE_LOOP,None,835,rfedriver-develop,1
1529526,Infinite loop with no exit,Medium,New,10/25/17,Unassigned,Unclassified,Unspecified,Undecided,Other,Program hangs,/rfeDriver/soc/SAF85xx/platform/src/newlib_syscalls.c,_exit,INFINITE_LOOP,None,835,rfedriver-develop,1
1487872,Infinite loop with no exit,Medium,New,10/23/17,Unassigned,Unclassified,Unspecified,Undecided,Other,Program hangs,/rfeDriver/soc/SAF85xx/arch/cortex-m7/startup/inc/core_cm7.h,__NVIC_SystemReset,INFINITE_LOOP,None,835,rfedriver-develop,1
61194,Infinite loop with no exit,Medium,New,10/20/16,Unassigned,Unclassified,Unspecified,Undecided,Other,Program hangs,/rfeDriver/soc/SAF85xx/arch/cortex-m7/startup/src/startup_ARMCM7.c,HardFault_Handler,INFINITE_LOOP,None,835,rfedriver-develop,1
33734202,Unnecessary header file,Low,New,08/24/23,Unassigned,Unclassified,Unspecified,Undecided,Other,Build system issues,/rfeDriver/apps/rfeAppQualTest/common/src/rfeTestUtils.c,,HFA,None,710,rfedriver-develop,1
33692759,Unnecessary header file,Low,New,08/19/23,Unassigned,Unclassified,Unspecified,Undecided,Other,Build system issues,/rfeDriver/apps/rfeAppQualTest/common/src/rfeAppQualTest.c,,HFA,None,710,rfedriver-develop,1
33281161,Unnecessary header file,Low,New,07/28/23,Unassigned,Unclassified,Unspecified,Undecided,Other,Build system issues,/rfeDriver/tests/FuSaTests/testHeartBeatSignal/src/rfe_tc_001_sendHeartBeatSignal.c,,HFA,None,710,rfedriver-develop,1
33281146,Unnecessary header file,Low,New,07/28/23,Unassigned,Unclassified,Unspecified,Undecided,Other,Build system issues,/rfeDriver/tests/FuSaTests/testHeartBeatSignal/src/testHeartBeatSignal.c,,HFA,None,710,rfedriver-develop,1
31936115,Unnecessary header file,Low,New,06/17/23,Unassigned,Unclassified,Unspecified,Undecided,Other,Build system issues,/rfeDriver/tests/testSanityCheck/src/testSanityCheck.c,,HFA,None,710,rfedriver-develop,1
31936112,Unnecessary header file,Low,New,06/17/23,Unassigned,Unclassified,Unspecified,Undecided,Other,Build system issues,/rfeDriver/tests/testSanityCheck/src/rfe_sanityCheck_tc_001_clkPllStatusLocked.c,,HFA,None,710,rfedriver-develop,1
31936097,Unnecessary header file,Low,New,06/17/23,Unassigned,Unclassified,Unspecified,Undecided,Other,Build system issues,/rfeDriver/tests/testSanityCheck/src/rfe_sanityCheck_tc_001_clkPllStatusLocked.c,,HFA,None,710,rfedriver-develop,1
30007463,Unnecessary header file,Low,New,05/30/23,Unassigned,Unclassified,Unspecified,Undecided,Other,Build system issues,/rfeDriver/soc/SAF85xx/platform/src/platform.c,,HFA,None,710,rfedriver-develop,1
30007461,Unnecessary header file,Low,New,05/30/23,Unassigned,Unclassified,Unspecified,Undecided,Other,Build system issues,/rfeDriver/tests/testSync/src/rfe_sync_tc_001_test.c,,HFA,None,710,rfedriver-develop,1
30007460,Unnecessary header file,Low,New,05/30/23,Unassigned,Unclassified,Unspecified,Undecided,Other,Build system issues,/rfeDriver/tests/testBasicAppTiming/src/rfeBasicAppTiming.c,,HFA,None,710,rfedriver-develop,1
30007458,Unnecessary header file,Low,New,05/30/23,Unassigned,Unclassified,Unspecified,Undecided,Other,Build system issues,/rfeDriver/tests/testSwBist/src/rfeSwBist_tc_001_getBistZeroHourReferenceData.c,,HFA,None,710,rfedriver-develop,1
30007456,Unnecessary header file,Low,New,05/30/23,Unassigned,Unclassified,Unspecified,Undecided,Other,Build system issues,/rfeDriver/tests/testSwBist/src/rfeSwBist_tc_001_getBistZeroHourReferenceData.c,,HFA,None,710,rfedriver-develop,1
30006126,Unnecessary header file,Low,New,05/30/23,Unassigned,Unclassified,Unspecified,Undecided,Other,Build system issues,/rfeDriver/tests/testSync/src/rfe_sync_tc_001_test.c,,HFA,None,710,rfedriver-develop,1
30005984,Unnecessary header file,Low,New,05/30/23,Unassigned,Unclassified,Unspecified,Undecided,Other,Build system issues,/rfeDriver/tests/testSync/src/rfeSync.c,,HFA,None,710,rfedriver-develop,1
30005900,Unnecessary header file,Low,New,05/30/23,Unassigned,Unclassified,Unspecified,Undecided,Other,Build system issues,/rfeDriver/tests/testSync/src/rfe_sync_tc_001_test.c,,HFA,None,710,rfedriver-develop,1
30005784,Unnecessary header file,Low,New,05/30/23,Unassigned,Unclassified,Unspecified,Undecided,Other,Build system issues,/rfeDriver/tests/testBasicAppTiming/src/rfe_basic_app_timing_tc_001_test.c,,HFA,None,710,rfedriver-develop,1
30005592,Unnecessary header file,Low,New,05/30/23,Unassigned,Unclassified,Unspecified,Undecided,Other,Build system issues,/rfeDriver/apps/rfeAppUnitTest/common/src/rfeUtil.c,,HFA,None,710,rfedriver-develop,1
30005382,Unnecessary header file,Low,New,05/30/23,Unassigned,Unclassified,Unspecified,Undecided,Other,Build system issues,/rfeDriver/apps/rfeAppUnitTest/common/src/rfeUtil.c,,HFA,None,710,rfedriver-develop,1
30005193,Unnecessary header file,Low,New,05/30/23,Unassigned,Unclassified,Unspecified,Undecided,Other,Build system issues,/rfeDriver/tests/testSync/src/rfe_sync_tc_001_test.c,,HFA,None,710,rfedriver-develop,1
30005130,Unnecessary header file,Low,New,05/30/23,Unassigned,Unclassified,Unspecified,Undecided,Other,Build system issues,/rfeDriver/tests/testBasicAppTiming/src/rfeBasicAppTiming.c,,HFA,None,710,rfedriver-develop,1
30005076,Unnecessary header file,Low,New,05/30/23,Unassigned,Unclassified,Unspecified,Undecided,Other,Build system issues,/rfeDriver/soc/SAF85xx/arch/cortex-m7/startup/src/mpu_init.c,,HFA,None,710,rfedriver-develop,1
30003027,Unnecessary header file,Low,New,05/30/23,Unassigned,Unclassified,Unspecified,Undecided,Other,Build system issues,/rfeDriver/tests/testSync/src/rfe_sync_tc_001_test.c,,HFA,None,710,rfedriver-develop,1
30002579,Unnecessary header file,Low,New,05/30/23,Unassigned,Unclassified,Unspecified,Undecided,Other,Build system issues,/rfeDriver/tests/testSwBist/src/rfeSwBist_tc_001_getBistZeroHourReferenceData.c,,HFA,None,710,rfedriver-develop,1
30002090,Unnecessary header file,Low,New,05/30/23,Unassigned,Unclassified,Unspecified,Undecided,Other,Build system issues,/rfeDriver/tests/FuSaTests/testFuSaMngr/src/rfe_fuSaMngr_tc_001_getFuSaFaults.c,,HFA,None,710,rfedriver-develop,1
30002004,Unnecessary header file,Low,New,05/30/23,Unassigned,Unclassified,Unspecified,Undecided,Other,Build system issues,/rfeDriver/tests/testSwBist/src/rfeSwBist_tc_001_getBistZeroHourReferenceData.c,,HFA,None,710,rfedriver-develop,1
30001825,Unnecessary header file,Low,New,05/30/23,Unassigned,Unclassified,Unspecified,Undecided,Other,Build system issues,/rfeDriver/tests/testSwBist/src/testSwBist.c,,HFA,None,710,rfedriver-develop,1
30001643,Unnecessary header file,Low,New,05/30/23,Unassigned,Unclassified,Unspecified,Undecided,Other,Build system issues,/rfeDriver/tests/FuSaTests/testFuSaMngr/src/rfe_fuSaMngr_tc_001_getFuSaFaults.c,,HFA,None,710,rfedriver-develop,1
30001618,Unnecessary header file,Low,New,05/30/23,Unassigned,Unclassified,Unspecified,Undecided,Other,Build system issues,/rfeDriver/tests/rfe_tc_069/src/rfe069RadarCycleTiming.c,,HFA,None,710,rfedriver-develop,1
30001567,Unnecessary header file,Low,New,05/30/23,Unassigned,Unclassified,Unspecified,Undecided,Other,Build system issues,/rfeDriver/tests/testSwBist/src/rfeSwBist_tc_001_getBistZeroHourReferenceData.c,,HFA,None,710,rfedriver-develop,1
30001211,Unnecessary header file,Low,New,05/30/23,Unassigned,Unclassified,Unspecified,Undecided,Other,Build system issues,/rfeDriver/tests/rfe_tc_069/src/rfe_tc_069_RadarCycleTiming_001_test.c,,HFA,None,710,rfedriver-develop,1
30000737,Unnecessary header file,Low,New,05/30/23,Unassigned,Unclassified,Unspecified,Undecided,Other,Build system issues,/rfeDriver/tests/testSync/src/rfeSync.c,,HFA,None,710,rfedriver-develop,1
30000309,Unnecessary header file,Low,New,05/30/23,Unassigned,Unclassified,Unspecified,Undecided,Other,Build system issues,/rfeDriver/tests/rfe_tc_069/src/rfe069RadarCycleTiming.c,,HFA,None,710,rfedriver-develop,1
29999642,Unnecessary header file,Low,New,05/30/23,Unassigned,Unclassified,Unspecified,Undecided,Other,Build system issues,/rfeDriver/tests/testSwBist/src/rfeSwBist_tc_001_getBistZeroHourReferenceData.c,,HFA,None,710,rfedriver-develop,1
29998809,Unnecessary header file,Low,New,05/30/23,Unassigned,Unclassified,Unspecified,Undecided,Other,Build system issues,/rfeDriver/soc/SAF85xx/platform/src/newlib_syscalls.c,,HFA,None,710,rfedriver-develop,1
29998772,Unnecessary header file,Low,New,05/30/23,Unassigned,Unclassified,Unspecified,Undecided,Other,Build system issues,/rfeDriver/tests/FuSaTests/testFuSaMngr/src/rfe_fuSaMngr_tc_001_getFuSaFaults.c,,HFA,None,710,rfedriver-develop,1
29998649,Unnecessary header file,Low,New,05/30/23,Unassigned,Unclassified,Unspecified,Undecided,Other,Build system issues,/rfeDriver/tests/FuSaTests/testFuSaMngr/src/rfe_fuSaMngr_tc_001_getFuSaFaults.c,,HFA,None,710,rfedriver-develop,1
29998448,Unnecessary header file,Low,New,05/30/23,Unassigned,Unclassified,Unspecified,Undecided,Other,Build system issues,/rfeDriver/tests/FuSaTests/testErrorN/src/rfeErrorN.c,,HFA,None,710,rfedriver-develop,1
29997843,Unnecessary header file,Low,New,05/30/23,Unassigned,Unclassified,Unspecified,Undecided,Other,Build system issues,/rfeDriver/tests/FuSaTests/testFuSaMngr/src/rfe_fuSaMngr_tc_001_getFuSaFaults.c,,HFA,None,710,rfedriver-develop,1
29997521,Unnecessary header file,Low,New,05/30/23,Unassigned,Unclassified,Unspecified,Undecided,Other,Build system issues,/rfeDriver/tests/FuSaTests/testFuSaMngr/src/testFuSaMngr.c,,HFA,None,710,rfedriver-develop,1
22212571,Logically dead code,Medium,New,06/29/22,Unassigned,Unclassified,Unspecified,Undecided,Other,Control flow issues,/rfeDriver/soc/SAF85xx/drivers/clocks/pll/src/pll.c,pll_aurora,DEADCODE,None,561,rfedriver-develop,1
33734369,Logical vs. bitwise operator,Medium,New,08/24/23,Unassigned,Unclassified,Unspecified,Undecided,Other,Integer handling issues,/rfeDriver/apps/rfeAppQualTest/common/src/rfe_tc_018_runDDMARadarUc/rfe_tc_018_runDDMARadarUc.c,rfe_tc_018_runDDMARadarUc,CONSTANT_EXPRESSION_RESULT,None,480,rfedriver-develop,1
33734058,Logical vs. bitwise operator,Medium,New,08/24/23,Unassigned,Unclassified,Unspecified,Undecided,Other,Integer handling issues,/rfeDriver/apps/rfeAppQualTest/common/src/rfe_tc_015_configureTxBistPower/rfe_tc_015_configureTxBistPower.c,rfe_tc_015_configureTxBistPower,CONSTANT_EXPRESSION_RESULT,None,480,rfedriver-develop,1
33733473,Logical vs. bitwise operator,Medium,New,08/24/23,Unassigned,Unclassified,Unspecified,Undecided,Other,Integer handling issues,/rfeDriver/apps/rfeAppQualTest/common/src/rfe_tc_017_runMRRadarUc/rfe_tc_017_runMRRadarUc.c,rfe_tc_017_runMRRadarUc,CONSTANT_EXPRESSION_RESULT,None,480,rfedriver-develop,1
33732472,Logical vs. bitwise operator,Medium,New,08/24/23,Unassigned,Unclassified,Unspecified,Undecided,Other,Integer handling issues,/rfeDriver/apps/rfeAppQualTest/common/src/rfe_tc_016_runLRRadarUc/rfe_tc_016_runLRRadarUc.c,rfe_tc_016_runLRRadarUc,CONSTANT_EXPRESSION_RESULT,None,480,rfedriver-develop,1
33734160,Unchecked return value,Medium,New,08/24/23,Unassigned,Unclassified,Unspecified,Undecided,Other,Error handling issues,/rfeDriver/apps/rfeAppQualTest/common/src/rfeTestUtils.c,rfeTest_checkNoFusaFaults,CHECKED_RETURN,None,252,rfedriver-develop,1
33692861,Unchecked return value,Medium,New,08/19/23,Unassigned,Unclassified,Unspecified,Undecided,Other,Error handling issues,/rfeDriver/apps/rfeAppQualTest/common/src/rfeTestUtils.c,rfeTest_waitForStateTimeout,CHECKED_RETURN,None,252,rfedriver-develop,1
33692760,Unchecked return value,Medium,New,08/19/23,Unassigned,Unclassified,Unspecified,Undecided,Other,Error handling issues,/rfeDriver/apps/rfeAppQualTest/common/src/rfe_tc_109_stateDependentApiRestriction.c,rfe_tc_109_stateDependentApiRestriction_initialized,CHECKED_RETURN,None,252,rfedriver-develop,1
33692688,Unchecked return value,Medium,New,08/19/23,Unassigned,Unclassified,Unspecified,Undecided,Other,Error handling issues,/rfeDriver/apps/rfeAppQualTest/common/src/rfeTestUtils.c,rfeTest_configure,CHECKED_RETURN,None,252,rfedriver-develop,1
33692680,Unchecked return value,Medium,New,08/19/23,Unassigned,Unclassified,Unspecified,Undecided,Other,Error handling issues,/rfeDriver/apps/rfeAppQualTest/common/src/rfeTestUtils.c,rfeTest_stateCheck,CHECKED_RETURN,None,252,rfedriver-develop,1
33313797,Unchecked return value from library,Medium,New,08/02/23,Unassigned,Unclassified,Unspecified,Undecided,Other,Error handling issues,/rfeDriver/apps/rfeAppQualTest/common/src/rfeTestUtils.c,get_userInput,CHECKED_RETURN,None,252,rfedriver-develop,1
32324948,Unchecked return value,Medium,New,07/12/23,Unassigned,Unclassified,Unspecified,Undecided,Other,Error handling issues,/rfeDriver/tests/testBasicAppTiming/src/rfe_basic_app_timing_tc_001_test.c,rfe_basic_app_timing_tc_001_test,CHECKED_RETURN,None,252,rfedriver-develop,1
10192587,Out-of-bounds access,High,New,05/25/20,Unassigned,Unclassified,Unspecified,Undecided,Other,Memory - corruptions,/rfeDriver/soc/SAF85xx/arch/cortex-m7/startup/inc/cmsis_gcc.h,__cmsis_cpu_init,ARRAY_VS_SINGLETON,Rank-1,119,rfedriver-develop,1
7664042,Out-of-bounds access,High,New,09/18/19,Unassigned,Unclassified,Unspecified,Undecided,Other,Memory - corruptions,/rfeDriver/soc/SAF85xx/arch/cortex-m7/startup/inc/cmsis_gcc.h,__cmsis_start,ARRAY_VS_SINGLETON,Rank-1,119,rfedriver-develop,4
